,adaptive_lr_loss,adaptive_lr_val_loss,constant_lr_loss,constant_lr_val_loss
0,0.19748479943701674,0.19486545806839356,0.2559243588807197,0.2402145973531715
1,0.18605662918401608,0.2062839284474716,0.2342176147124399,0.2796852028086072
2,0.17674174499689313,0.18450831734772885,0.2306213553169364,0.2916452707924368
3,0.1652248682423011,0.1929908866683642,0.2343574691862145,0.2205140822893613
4,0.1942062468391113,0.19545907156291975,0.25525511798467937,0.2572783646516469
5,0.17670656987630678,0.17622070453125674,0.2421428636965139,0.2599868553799468
6,0.16827321332815195,0.21863024755989835,0.2386363808558196,0.24777096909878055
7,0.16323457292005336,0.16665188652096372,0.2277064661961916,0.20453020672261454
