,adaptive_lr_loss,adaptive_lr_val_loss,constant_lr_loss,constant_lr_val_loss
0,0.15857813855567235,0.18012086569746852,0.2275317876532091,0.2492993701717038
1,0.163622667947073,0.17500500787388196,0.2313818901610774,0.2559187324532183
2,0.16210061258998884,0.17581763153984434,0.22883965376091625,0.2548095907741811
3,0.16976501042061454,0.18283987258161816,0.2260511335214423,0.25055317342023314
4,0.1611963639268218,0.1788471754624214,0.2271126215129369,0.2580906076606734
