adaptive_lr,constant_lr,threshold,val_adaptive_lr,val_constant_lr,val_threshold
142,1982,0.2269000436285133,77,1998,0.2482104613022371
85,1950,0.22951300070383476,51,1987,0.25541344414025674
98,1982,0.22842357686445036,64,1984,0.2521843853450957
127,1999,0.2260511335214423,58,1967,0.2488935265319172
193,1998,0.22575043971534106,89,1946,0.2531070022872
